repeticion,tipo,elementos,bytes,rondas,total_s,ida_vuelta_us,ida_estimada_us
1,ping_pong,1,4,1000,0.000460590,0.461,0.230
1,ping_pong,64,256,1000,0.000566110,0.566,0.283
1,ping_pong,1024,4096,1000,0.004380756,4.381,2.190
1,ping_pong,16384,65536,1000,0.013357109,13.357,6.679
1,ping_pong,65536,262144,1000,0.046683300,46.683,23.342
2,ping_pong,1,4,1000,0.000494998,0.495,0.247
2,ping_pong,64,256,1000,0.000591816,0.592,0.296
2,ping_pong,1024,4096,1000,0.003625214,3.625,1.813
2,ping_pong,16384,65536,1000,0.013947149,13.947,6.974
2,ping_pong,65536,262144,1000,0.050171087,50.171,25.086
3,ping_pong,1,4,1000,0.000679733,0.680,0.340
3,ping_pong,64,256,1000,0.000578413,0.578,0.289
3,ping_pong,1024,4096,1000,0.003466877,3.467,1.733
3,ping_pong,16384,65536,1000,0.013845803,13.846,6.923
3,ping_pong,65536,262144,1000,0.052124277,52.124,26.062
