repeticion,tipo,elementos_totales,elementos_chunk,bytes_chunk,numero_chunks,tiempo_total_s,suma
1,pipeline_chunks,1048576,256,1024,4096,0.004690525,523641600
1,pipeline_chunks,1048576,1024,4096,1024,0.003669724,523641600
1,pipeline_chunks,1048576,4096,16384,256,0.003311252,523641600
1,pipeline_chunks,1048576,16384,65536,64,0.005678719,523641600
1,pipeline_chunks,1048576,65536,262144,16,0.002384870,523641600
2,pipeline_chunks,1048576,256,1024,4096,0.005087893,523641600
2,pipeline_chunks,1048576,1024,4096,1024,0.003762335,523641600
2,pipeline_chunks,1048576,4096,16384,256,0.002665620,523641600
2,pipeline_chunks,1048576,16384,65536,64,0.002768940,523641600
2,pipeline_chunks,1048576,65536,262144,16,0.002148919,523641600
3,pipeline_chunks,1048576,256,1024,4096,0.003461943,523641600
3,pipeline_chunks,1048576,1024,4096,1024,0.003569259,523641600
3,pipeline_chunks,1048576,4096,16384,256,0.002843845,523641600
3,pipeline_chunks,1048576,16384,65536,64,0.002318163,523641600
3,pipeline_chunks,1048576,65536,262144,16,0.002278557,523641600
