repeticion,tipo,elementos,bytes,operaciones_por_test,operaciones_total,tiempo_recepcion_s,tiempo_envio_s,suma
1,recepcion_anticipada,1,4,1000,2000,0.000006701,0.000003300,0
1,recepcion_anticipada,64,256,1000,1000,0.000006301,0.000004501,2016
1,recepcion_anticipada,1024,4096,1000,3000,0.000024105,0.000021204,508641
1,recepcion_anticipada,16384,65536,1000,3000,0.000048710,0.000047409,8165256
1,recepcion_anticipada,65536,262144,1000,1000,0.000144528,0.000145829,33006624
2,recepcion_anticipada,1,4,1000,2000,0.000006402,0.000002801,0
2,recepcion_anticipada,64,256,1000,1000,0.000007001,0.000002700,2016
2,recepcion_anticipada,1024,4096,1000,2000,0.000019604,0.000018703,508641
2,recepcion_anticipada,16384,65536,1000,3000,0.000047609,0.000045409,8165256
2,recepcion_anticipada,65536,262144,1000,5000,0.000121223,0.000118823,33006624
3,recepcion_anticipada,1,4,1000,1000,0.000007701,0.000002500,0
3,recepcion_anticipada,64,256,1000,1000,0.000009502,0.000003601,2016
3,recepcion_anticipada,1024,4096,1000,3000,0.000019804,0.000015303,508641
3,recepcion_anticipada,16384,65536,1000,2000,0.000052008,0.000061810,8165256
3,recepcion_anticipada,65536,262144,1000,1000,0.000106417,0.000107317,33006624
